facility_name,payer_type,insurance_billed_amount,encounters_billed,units_billed,units_per_encounter,billed_per_encounter
AHOSKIE HEALTH AND REHAB,BLUE_CROSS_BLUE_SHIELD,2565.0,14,14,1.0,183.21
AHOSKIE HEALTH AND REHAB,COMMERCIAL_HMO,27535.0,138,141,1.02,199.53
AHOSKIE HEALTH AND REHAB,MEDICAID,6080.0,32,32,1.0,190.0
AHOSKIE HEALTH AND REHAB,MEDICARE,40840.0,214,217,1.01,190.84
ALAMANCE HEALTH CARE CENTER,BLUE_CROSS_BLUE_SHIELD,6020.0,32,32,1.0,188.12
ALAMANCE HEALTH CARE CENTER,COMMERCIAL_HMO,88865.0,462,462,1.0,192.35
ALAMANCE HEALTH CARE CENTER,MEDICAID,11740.0,61,61,1.0,192.46
ALAMANCE HEALTH CARE CENTER,MEDICARE,54600.0,287,288,1.0,190.24
AMELIA HEALTH AND REHAB,BLUE_CROSS_BLUE_SHIELD,9625.0,54,54,1.0,178.24
AMELIA HEALTH AND REHAB,COMMERCIAL_HMO,22905.0,123,123,1.0,186.22
AMELIA HEALTH AND REHAB,MEDICAID,140.0,1,1,1.0,140.0
AMELIA HEALTH AND REHAB,MEDICARE,49090.0,298,298,1.0,164.73
Autumn Care of Madison,BLUE_CROSS_BLUE_SHIELD,12540.0,100,100,1.0,125.4
Autumn Care of Madison,COMMERCIAL_HMO,21825.0,170,170,1.0,128.38
Autumn Care of Madison,MEDICAID,650.01,4,5,1.25,162.5
Autumn Care of Madison,MEDICARE,35100.0,262,262,1.0,133.97
BEDFORD COUNTY NURSING HOME,COMMERCIAL_HMO,6725.0,33,33,1.0,203.79
BEDFORD COUNTY NURSING HOME,MEDICARE,17855.0,92,92,1.0,194.08
CHASE CITY HEALTH & REHAB CENTER,BLUE_CROSS_BLUE_SHIELD,14590.0,79,79,1.0,184.68
CHASE CITY HEALTH & REHAB CENTER,COMMERCIAL_HMO,53960.0,294,295,1.0,183.54
CHASE CITY HEALTH & REHAB CENTER,MEDICAID,1415.0,8,8,1.0,176.88
CHASE CITY HEALTH & REHAB CENTER,MEDICARE,45590.0,253,254,1.0,180.2
CONSULATE HEALTH CARE OF WOODSTOCK,COMMERCIAL_HMO,700.0,3,3,1.0,233.33
CONSULATE HEALTH CARE OF WOODSTOCK,MEDICARE,6265.0,34,34,1.0,184.26
COURTLAND REHAB AND HEALTHCARE,BLUE_CROSS_BLUE_SHIELD,10470.0,60,61,1.02,174.5
COURTLAND REHAB AND HEALTHCARE,COMMERCIAL_HMO,19545.0,115,116,1.01,169.96
COURTLAND REHAB AND HEALTHCARE,MEDICAID,1925.0,9,10,1.11,213.89
COURTLAND REHAB AND HEALTHCARE,MEDICARE,30020.0,162,164,1.01,185.31
Clayton Rehab and Healthcare Center,BLUE_CROSS_BLUE_SHIELD,2680.0,13,13,1.0,206.15
Clayton Rehab and Healthcare Center,COMMERCIAL_HMO,44160.0,236,239,1.01,187.12
Clayton Rehab and Healthcare Center,MEDICAID,4055.0,22,22,1.0,184.32
Clayton Rehab and Healthcare Center,MEDICARE,26620.0,149,149,1.0,178.66
DEER MEADOWS REHABILITATION,BLUE_CROSS_BLUE_SHIELD,2960.0,16,16,1.0,185.0
DEER MEADOWS REHABILITATION,COMMERCIAL_HMO,36200.0,192,192,1.0,188.54
DEER MEADOWS REHABILITATION,MEDICAID,535.0,3,3,1.0,178.33
DEER MEADOWS REHABILITATION,MEDICARE,31255.0,169,169,1.0,184.94
ELIZABETH CITY HEALTH AND REHAB,BLUE_CROSS_BLUE_SHIELD,950.0,5,5,1.0,190.0
ELIZABETH CITY HEALTH AND REHAB,COMMERCIAL_HMO,42940.0,201,214,1.06,213.63
ELIZABETH CITY HEALTH AND REHAB,MEDICAID,2085.0,9,10,1.11,231.67
ELIZABETH CITY HEALTH AND REHAB,MEDICARE,80550.0,385,408,1.06,209.22
EMPORIA REHAB AND HEALTHCARE,BLUE_CROSS_BLUE_SHIELD,5490.0,29,29,1.0,189.31
EMPORIA REHAB AND HEALTHCARE,COMMERCIAL_HMO,24500.0,137,137,1.0,178.83
EMPORIA REHAB AND HEALTHCARE,MEDICAID,370.0,2,2,1.0,185.0
EMPORIA REHAB AND HEALTHCARE,MEDICARE,44080.0,242,242,1.0,182.15
GATES HEALTH AND REHAB,COMMERCIAL_HMO,2875.0,16,16,1.0,179.69
GATES HEALTH AND REHAB,MEDICAID,1845.0,10,10,1.0,184.5
GATES HEALTH AND REHAB,MEDICARE,4520.0,24,24,1.0,188.33
GUGGENHEIMER HEALTH AND REHAB,COMMERCIAL_HMO,1465.0,8,8,1.0,183.12
GUGGENHEIMER HEALTH AND REHAB,MEDICARE,4920.0,31,31,1.0,158.71
GUILFORD HEALTH CARE CENTER,BLUE_CROSS_BLUE_SHIELD,12840.0,61,62,1.02,210.49
GUILFORD HEALTH CARE CENTER,COMMERCIAL_HMO,94585.23999999999,452,453,1.0,209.26
GUILFORD HEALTH CARE CENTER,MEDICAID,6615.0,37,37,1.0,178.78
GUILFORD HEALTH CARE CENTER,MEDICARE,50380.0,252,252,1.0,199.92
HARMONY PARK AT WILSON,BLUE_CROSS_BLUE_SHIELD,6320.0,36,36,1.0,175.56
HARMONY PARK AT WILSON,COMMERCIAL_HMO,41060.0,238,238,1.0,172.52
HARMONY PARK AT WILSON,MEDICAID,5770.0,33,33,1.0,174.85
HARMONY PARK AT WILSON,MEDICARE,19275.0,112,112,1.0,172.1
HERITAGE GREEN,BLUE_CROSS_BLUE_SHIELD,1970.0,8,8,1.0,246.25
HERITAGE GREEN,COMMERCIAL_HMO,3170.0,21,22,1.05,150.95
HERITAGE GREEN,MEDICARE,7390.0,46,48,1.04,160.65
HERITAGE HALL OF BLACKSBURG,BLUE_CROSS_BLUE_SHIELD,1440.0,7,7,1.0,205.71
HERITAGE HALL OF BLACKSBURG,COMMERCIAL_HMO,25945.0,144,144,1.0,180.17
HERITAGE HALL OF BLACKSBURG,MEDICARE,41602.5,231,232,1.0,180.1
HERTFORD REHABILITATION AND HC,COMMERCIAL_HMO,18880.0,92,92,1.0,205.22
HERTFORD REHABILITATION AND HC,MEDICAID,7595.0,39,39,1.0,194.74
HERTFORD REHABILITATION AND HC,MEDICARE,8290.0,40,40,1.0,207.25
HIGHLAND RIDGE REHAB,BLUE_CROSS_BLUE_SHIELD,29285.0,162,162,1.0,180.77
HIGHLAND RIDGE REHAB,COMMERCIAL_HMO,69550.0,376,377,1.0,184.97
HIGHLAND RIDGE REHAB,MEDICAID,1200.0,7,7,1.0,171.43
HIGHLAND RIDGE REHAB,MEDICARE,33670.0,196,196,1.0,171.79
HOLLY MANOR,BLUE_CROSS_BLUE_SHIELD,13755.0,75,75,1.0,183.4
HOLLY MANOR,COMMERCIAL_HMO,45955.0,242,242,1.0,189.9
HOLLY MANOR,MEDICARE,47460.0,265,265,1.0,179.09
KENANSVILLE REHAB AND HEALTHCARE,BLUE_CROSS_BLUE_SHIELD,2165.0,10,10,1.0,216.5
KENANSVILLE REHAB AND HEALTHCARE,COMMERCIAL_HMO,16990.0,93,93,1.0,182.69
KENANSVILLE REHAB AND HEALTHCARE,MEDICAID,7915.0,47,47,1.0,168.4
KENANSVILLE REHAB AND HEALTHCARE,MEDICARE,25515.0,135,135,1.0,189.0
LAUREL PARK REHAB,BLUE_CROSS_BLUE_SHIELD,1200.0,6,6,1.0,200.0
LAUREL PARK REHAB,COMMERCIAL_HMO,22240.0,101,115,1.14,220.2
LAUREL PARK REHAB,MEDICAID,6135.0,33,33,1.0,185.91
LAUREL PARK REHAB,MEDICARE,20090.0,97,105,1.08,207.11
LEXINGTON HEALTH CARE CENTER,BLUE_CROSS_BLUE_SHIELD,18730.0,93,93,1.0,201.4
LEXINGTON HEALTH CARE CENTER,COMMERCIAL_HMO,95050.0,500,500,1.0,190.1
LEXINGTON HEALTH CARE CENTER,MEDICAID,1295.0,7,7,1.0,185.0
LEXINGTON HEALTH CARE CENTER,MEDICARE,35880.0,189,189,1.0,189.84
LIFE CARE CENTER OF NEW MARKET,BLUE_CROSS_BLUE_SHIELD,11010.029999999999,56,60,1.07,196.61
LIFE CARE CENTER OF NEW MARKET,COMMERCIAL_HMO,30430.059999999998,159,166,1.04,191.38
LIFE CARE CENTER OF NEW MARKET,MEDICAID,185.0,1,1,1.0,185.0
LIFE CARE CENTER OF NEW MARKET,MEDICARE,67725.13,354,368,1.04,191.31
MOUNTAIN LAUREL,BLUE_CROSS_BLUE_SHIELD,8560.0,42,42,1.0,203.81
MOUNTAIN LAUREL,COMMERCIAL_HMO,48145.0,239,239,1.0,201.44
MOUNTAIN LAUREL,MEDICARE,17080.0,83,83,1.0,205.78
NORTHERN NECK SENIOR CARE COMMUNITY,BLUE_CROSS_BLUE_SHIELD,7985.0,41,41,1.0,194.76
NORTHERN NECK SENIOR CARE COMMUNITY,COMMERCIAL_HMO,16725.0,82,82,1.0,203.96
NORTHERN NECK SENIOR CARE COMMUNITY,MEDICAID,185.0,1,1,1.0,185.0
NORTHERN NECK SENIOR CARE COMMUNITY,MEDICARE,25825.0,123,123,1.0,209.96
NORTHERN NECK-ALF,COMMERCIAL_HMO,255.0,1,1,1.0,255.0
NORTHERN NECK-ALF,MEDICARE,2355.0,8,8,1.0,294.38
NOVA HEALTH AND REHAB CENTER,COMMERCIAL_HMO,2950.0,17,17,1.0,173.53
OAKWOOD MANOR,BLUE_CROSS_BLUE_SHIELD,185.0,1,1,1.0,185.0
OAKWOOD MANOR,COMMERCIAL_HMO,1350.0,7,7,1.0,192.86
OAKWOOD MANOR,MEDICARE,2500.0,13,13,1.0,192.31
PEAK RESOURCES OUTER BANKS,COMMERCIAL_HMO,8715.0,45,46,1.02,193.67
PEAK RESOURCES OUTER BANKS,MEDICAID,2995.0,16,16,1.0,187.19
PEAK RESOURCES OUTER BANKS,MEDICARE,32705.0,154,161,1.05,212.37
PINEY FOREST HEALTH AND REHAB,BLUE_CROSS_BLUE_SHIELD,7160.0,41,41,1.0,174.63
PINEY FOREST HEALTH AND REHAB,COMMERCIAL_HMO,60595.009999999995,332,337,1.02,182.52
PINEY FOREST HEALTH AND REHAB,MEDICAID,1995.0,12,12,1.0,166.25
PINEY FOREST HEALTH AND REHAB,MEDICARE,18780.0,100,102,1.02,187.8
PULASKI HEALTH & REHAB,BLUE_CROSS_BLUE_SHIELD,19670.0,103,105,1.02,190.97
PULASKI HEALTH & REHAB,COMMERCIAL_HMO,52785.0,294,299,1.02,179.54
PULASKI HEALTH & REHAB,MEDICARE,70850.0,379,389,1.03,186.94
Piedmont Health and Rehab,BLUE_CROSS_BLUE_SHIELD,1580.0,10,10,1.0,158.0
Piedmont Health and Rehab,COMMERCIAL_HMO,23590.0,130,130,1.0,181.46
Piedmont Health and Rehab,MEDICAID,835.0,5,5,1.0,167.0
Piedmont Health and Rehab,MEDICARE,14095.0,72,72,1.0,195.76
RADFORD HEALTH & REHAB,BLUE_CROSS_BLUE_SHIELD,28950.0,169,169,1.0,171.3
RADFORD HEALTH & REHAB,COMMERCIAL_HMO,24660.0,141,141,1.0,174.89
RADFORD HEALTH & REHAB,MEDICARE,37095.0,220,220,1.0,168.61
RIDGECREST MANOR NURSING AND REHAB,BLUE_CROSS_BLUE_SHIELD,5835.0,29,29,1.0,201.21
RIDGECREST MANOR NURSING AND REHAB,COMMERCIAL_HMO,67755.0,407,407,1.0,166.47
RIDGECREST MANOR NURSING AND REHAB,MEDICAID,2700.0,13,13,1.0,207.69
RIDGECREST MANOR NURSING AND REHAB,MEDICARE,15885.0,108,109,1.01,147.08
RIVERSIDE HEALTH AND REHAB,BLUE_CROSS_BLUE_SHIELD,18010.0,100,100,1.0,180.1
RIVERSIDE HEALTH AND REHAB,COMMERCIAL_HMO,63125.0,348,348,1.0,181.39
RIVERSIDE HEALTH AND REHAB,MEDICARE,49110.0,283,283,1.0,173.53
RUNK & PRATT- FOREST,BLUE_CROSS_BLUE_SHIELD,1730.0,7,7,1.0,247.14
RUNK & PRATT- FOREST,COMMERCIAL_HMO,1825.0,10,11,1.1,182.5
RUNK & PRATT- FOREST,MEDICAID,340.0,2,2,1.0,170.0
RUNK & PRATT- FOREST,MEDICARE,2850.0,14,14,1.0,203.57
RUNK & PRATT- LIBERTY RIDGE,COMMERCIAL_HMO,3460.0,13,13,1.0,266.15
RUNK & PRATT- LIBERTY RIDGE,MEDICARE,7515.0,26,26,1.0,289.04
RUNK & PRATT- PEARL OF LIFE,BLUE_CROSS_BLUE_SHIELD,280.0,2,2,1.0,140.0
RUNK & PRATT- PEARL OF LIFE,COMMERCIAL_HMO,2030.0,9,9,1.0,225.56
RUNK & PRATT- PEARL OF LIFE,MEDICARE,8355.0,37,38,1.03,225.81
RUNK & PRATT- SMITH MOUNTAIN LAKE,BLUE_CROSS_BLUE_SHIELD,255.0,1,1,1.0,255.0
RUNK & PRATT- SMITH MOUNTAIN LAKE,COMMERCIAL_HMO,1445.0,6,6,1.0,240.83
RUNK & PRATT- SMITH MOUNTAIN LAKE,MEDICARE,7265.0,28,29,1.04,259.46
RUNK & PRATT-LEESVILLE,BLUE_CROSS_BLUE_SHIELD,255.0,1,1,1.0,255.0
RUNK & PRATT-LEESVILLE,COMMERCIAL_HMO,3740.0,16,17,1.06,233.75
RUNK & PRATT-LEESVILLE,MEDICARE,2990.0,15,16,1.07,199.33
RUNK AND PRATT AT WILLOW RIDGE,BLUE_CROSS_BLUE_SHIELD,110.0,1,1,1.0,110.0
RUNK AND PRATT AT WILLOW RIDGE,COMMERCIAL_HMO,170.0,1,1,1.0,170.0
RUNK AND PRATT AT WILLOW RIDGE,MEDICARE,1755.0,7,7,1.0,250.71
SALEM HEALTH & REHAB,BLUE_CROSS_BLUE_SHIELD,27905.0,146,146,1.0,191.13
SALEM HEALTH & REHAB,COMMERCIAL_HMO,107612.34,574,576,1.0,187.48
SALEM HEALTH & REHAB,MEDICAID,3110.0,16,16,1.0,194.38
SALEM HEALTH & REHAB,MEDICARE,60570.0,343,343,1.0,176.59
SHENANDOAH VALLEY HEALTH,BLUE_CROSS_BLUE_SHIELD,4555.0,23,23,1.0,198.04
SHENANDOAH VALLEY HEALTH,COMMERCIAL_HMO,20365.0,105,105,1.0,193.95
SHENANDOAH VALLEY HEALTH,MEDICARE,13825.0,69,69,1.0,200.36
STANLEYTOWN HEALTH AND REHAB,BLUE_CROSS_BLUE_SHIELD,23350.0,119,123,1.03,196.22
STANLEYTOWN HEALTH AND REHAB,COMMERCIAL_HMO,62715.0,342,349,1.02,183.38
STANLEYTOWN HEALTH AND REHAB,MEDICAID,1130.0,5,6,1.2,226.0
STANLEYTOWN HEALTH AND REHAB,MEDICARE,57975.0,305,315,1.03,190.08
SUMMIT HEALTH AND REHAB,BLUE_CROSS_BLUE_SHIELD,9515.0,46,46,1.0,206.85
SUMMIT HEALTH AND REHAB,COMMERCIAL_HMO,35230.0,179,179,1.0,196.82
SUMMIT HEALTH AND REHAB,MEDICARE,53790.0,275,275,1.0,195.6
THREE RIVERS HEALTH & REHAB CENTER,BLUE_CROSS_BLUE_SHIELD,7155.0,35,36,1.03,204.43
THREE RIVERS HEALTH & REHAB CENTER,COMMERCIAL_HMO,4585.0,23,23,1.0,199.35
THREE RIVERS HEALTH & REHAB CENTER,MEDICARE,21015.0,102,102,1.0,206.03
The Rehab Center of Bristol,BLUE_CROSS_BLUE_SHIELD,4325.0,27,27,1.0,160.19
The Rehab Center of Bristol,COMMERCIAL_HMO,37590.0,232,233,1.0,162.03
The Rehab Center of Bristol,MEDICARE,17140.0,113,113,1.0,151.68
VALLEY HEALTH CARE CENTER,BLUE_CROSS_BLUE_SHIELD,3660.0,20,20,1.0,183.0
VALLEY HEALTH CARE CENTER,COMMERCIAL_HMO,57520.0,321,321,1.0,179.19
VALLEY HEALTH CARE CENTER,MEDICAID,825.0,4,4,1.0,206.25
VALLEY HEALTH CARE CENTER,MEDICARE,25665.0,142,142,1.0,180.74
WARSAW HEALTH AND REHAB,BLUE_CROSS_BLUE_SHIELD,680.0,3,3,1.0,226.67
WARSAW HEALTH AND REHAB,COMMERCIAL_HMO,4840.0,28,28,1.0,172.86
WARSAW HEALTH AND REHAB,MEDICAID,3720.0,19,19,1.0,195.79
WARSAW HEALTH AND REHAB,MEDICARE,6280.0,36,36,1.0,174.44
WATERVIEW HEALTH & REHAB CENTER,BLUE_CROSS_BLUE_SHIELD,16900.0,94,94,1.0,179.79
WATERVIEW HEALTH & REHAB CENTER,COMMERCIAL_HMO,40050.0,223,223,1.0,179.6
WATERVIEW HEALTH & REHAB CENTER,MEDICAID,1485.0,9,9,1.0,165.0
WATERVIEW HEALTH & REHAB CENTER,MEDICARE,47105.0,270,270,1.0,174.46
WAVERLY REHABILITATION,BLUE_CROSS_BLUE_SHIELD,7260.0,39,39,1.0,186.15
WAVERLY REHABILITATION,COMMERCIAL_HMO,30655.0,170,170,1.0,180.32
WAVERLY REHABILITATION,MEDICAID,1200.0,7,7,1.0,171.43
WAVERLY REHABILITATION,MEDICARE,28280.0,158,158,1.0,178.99
WESTMORELAND HEALTHCARE CENTER,BLUE_CROSS_BLUE_SHIELD,6260.0,34,36,1.06,184.12
WESTMORELAND HEALTHCARE CENTER,COMMERCIAL_HMO,5900.0,28,33,1.18,210.71
WESTMORELAND HEALTHCARE CENTER,MEDICARE,59385.0,333,347,1.04,178.33
WILSON HEALTHCARE AND REHAB,BLUE_CROSS_BLUE_SHIELD,930.0,6,6,1.0,155.0
WILSON HEALTHCARE AND REHAB,COMMERCIAL_HMO,25635.0,147,147,1.0,174.39
WILSON HEALTHCARE AND REHAB,MEDICAID,185.0,1,1,1.0,185.0
WILSON HEALTHCARE AND REHAB,MEDICARE,19365.0,112,112,1.0,172.9
WINDSOR REHABILITATION,BLUE_CROSS_BLUE_SHIELD,825.0,4,4,1.0,206.25
WINDSOR REHABILITATION,COMMERCIAL_HMO,7790.0,38,38,1.0,205.0
WINDSOR REHABILITATION,MEDICAID,9685.0,49,49,1.0,197.65
WINDSOR REHABILITATION,MEDICARE,13170.0,66,66,1.0,199.55
WOODLANDS HEALTH & REHAB,BLUE_CROSS_BLUE_SHIELD,4085.0,25,25,1.0,163.4
WOODLANDS HEALTH & REHAB,COMMERCIAL_HMO,12335.0,78,78,1.0,158.14
WOODLANDS HEALTH & REHAB,MEDICARE,4700.0,21,21,1.0,223.81
