insurance_company,encounters_billed,units_billed,units_per_encounter,insurance_billed_amount,billed_per_encounter
VIRGINIA MEDICARE,6564,6644,1.01,1231555.41,187.62
UNITED HEALTHCARE,3926,3978,1.01,742100.04,189.02
VIRGINIA BLUE SHIELD,2284,2353,1.03,444650.06,194.68
HUMANA,2257,2286,1.01,434514.73,192.52
NORTH CAROLINA MEDICARE,2099,2147,1.02,412050.0,196.31
NORTH CAROLINA MEDICAID,1440,1450,1.01,267665.0,185.88
ANTHEM BLUE CROSS,1088,1107,1.02,206840.14,190.11
UNITED HEALTHCARE COMMUNITY PLAN,913,921,1.01,165590.02,181.37
AETNA BETTER HEALTH OF VIRGINIA,880,1129,1.28,200270.08,227.58
VIRGINIA MEDICAID,833,837,1.0,153170.02,183.88
AETNA - PPO,635,651,1.03,122575.02,193.03
NORTH CAROLINA BLUE SHIELD,565,574,1.02,113245.0,200.43
AARP,551,571,1.04,106840.1,193.9
OPTIMA HEALTH PLANS,510,520,1.02,92889.71,182.14
SENTARA HEALTH MANAGEMENT,462,464,1.0,85180.0,184.37
MUTUAL OF OMAHA,451,456,1.01,86550.04,191.91
UNITEDHEALTHCARE MEDICARE COMPLETE,328,334,1.02,64275.0,195.96
TRICARE FOR LIFE,305,314,1.03,59655.03,195.59
AETNA SSI,281,290,1.03,54305.05,193.26
LIFEWORKS ADVANTAGE (ISNP PLAN),249,251,1.01,42645.0,171.27
OPTIMA FAMILY CARE,210,212,1.01,36555.0,174.07
MOLINA COMPLETE CARE OF VIRGINIA,160,161,1.01,28205.0,176.28
LOYAL AMERICAN LIFE INSURANCE/MEDICARE SUPPLEMENT,146,154,1.05,27805.07,190.45
MERIDIAN PACE SOLUTIONS,128,128,1.0,23560.0,184.06
MAGELLAN COMPLETE CARE OF VIRGINIA MEDICARE,98,99,1.01,17735.0,180.97
RETIRED RAILROAD MEDICARE,82,83,1.01,16100.0,196.34
CHAMPVA - HAC,79,80,1.01,15395.0,194.87
MEDICO INSURANCE COMPANY,78,78,1.0,14110.0,180.9
VETERANS AFFAIRS COMMUNITY CARE NETWORK RGN 1 2 3,76,76,1.0,14670.0,193.03
UNITEDHEALTHCARE,69,69,1.0,12670.0,183.62
GENERIC PAYER (AUTO-FORWARDED),60,61,1.02,11295.0,188.25
HEALTHTEAM ADVANTAGE,58,58,1.0,11115.0,191.64
NF-STATE FARM & PI ONLY,40,40,1.0,7335.0,183.38
ILLUMIFIN CORPORATION,39,41,1.05,7755.02,198.85
CIGNA PPO,38,40,1.05,7710.0,202.89
OPTUMCARE,29,29,1.0,5425.0,187.07
CAREFIRST ADMINISTRATORS / NCAS,28,28,1.0,5225.0,186.61
SILAC INSURANCE,28,28,1.0,5185.0,185.18
WELLCARE HEALTH PLAN,27,27,1.0,5315.0,196.85
ANTHEM HEALTHKEEPERS PLUS,25,25,1.0,4430.0,177.2
TRICARE EAST (DOS 1/1/2025 and after),24,24,1.0,4520.0,188.33
OHIO BLUE SHIELD,24,24,1.0,4395.0,183.13
ALIGNMENT HEALTH CARE,23,23,1.0,4285.0,186.3
MANHATTANLIFE INSURANCE & ANNUITY COMPANY,22,23,1.05,4875.0,221.59
INDIANA BLUE SHIELD,20,20,1.0,3740.0,187.0
CAROLINA COMPLETE HEALTH CARE,19,19,1.0,3550.0,186.84
"CHCS SERVICES, INC.",19,19,1.0,3640.0,191.58
UMR FKA UMR WAUSAU,18,18,1.0,3335.0,185.28
STANDARD LIFE AND ACCIDENT INS CO-SECONDARY CLAIMS,16,16,1.0,3000.0,187.5
HEALTHY BLUE NORTH CAROLINA,15,15,1.0,2860.0,190.67
UNITED AMERICAN INSURANCE COMPANY,15,15,1.0,2460.0,164.0
GEORGIA BLUE SHIELD,15,15,1.0,3005.0,200.33
UMWA HEALTH AND RETIREMENT FUNDS,14,14,1.0,2650.0,189.29
HORIZON BLUE SHIELD OF NEW JERSEY,14,14,1.0,2540.0,181.43
TRANSAMERICA LIFE INSURANCE COMPANY W PLANO PRKWY,13,13,1.0,2505.0,192.69
HEALTHKEEPERS INC.,10,10,1.0,2020.0,202.0
CIGNA HEALTHSPRING,10,10,1.0,1765.0,176.5
DEN-PIPELINE INDUSTRY BENEFIT FUND,10,12,1.2,1760.02,176.0
NATIONAL ELEVATOR INDUSTRY BENEFIT PLAN (NEIB),10,12,1.2,2080.02,208.0
FLORIDA MEDICAID,9,9,1.0,1530.0,170.0
DEVOTED HEALTH,9,9,1.0,1980.0,220.0
GHI (GROUP HEALTH INC.),9,9,1.0,1660.0,184.44
SEAFARERS & HEALTH BENEFITS PLAN,8,8,1.0,1520.0,190.0
SAMBA,8,8,1.0,1620.0,202.5
NEW YORK BLUE SHIELD  CENTRAL REGION,8,8,1.0,1710.0,213.75
LONGEVITY HEALTH PLAN OF NORTH CAROLINA,8,8,1.0,1183.38,147.92
AMERICAN REPUBLIC INSURANCE (MAP),8,8,1.0,1575.0,196.88
BLUE CROSS BLUE SHIELD OF MASSACHUSETTS,8,9,1.13,1685.0,210.63
PRINCIPAL LIFE MEDICARE SUPPLEMENT,7,7,1.0,1250.0,178.57
TENNCARE SELECT,7,7,1.0,1335.0,190.71
NATIONAL ASSOCIATION OF LETTER CARRIERS,7,7,1.0,1295.0,185.0
CLEAR SPRING HEALTH,7,7,1.0,1335.0,190.71
CALIFORNIA BLUE SHIELD,7,7,1.0,1280.0,182.86
UNRECOGNIZED INSURANCE,7,7,1.0,1320.0,188.57
INNERMARK TPA,7,7,1.0,1200.0,171.43
HEALTH CARE SERVICE CORPORATION DBA BCBS OF IL,6,6,1.0,1295.0,215.83
ALIGN SENIOR CARE OF VIRGINIA,6,6,1.0,930.0,155.0
COLONIAL PENN LIFE INSURANCE COMPANY,5,5,1.0,1155.0,231.0
ARKANSAS BLUE SHIELD,5,5,1.0,1155.0,231.0
GREAT SOUTHERN LIFE (MEDICARE SUPP),5,5,1.0,880.0,176.0
TRILLIUM COMMUNITY HEALTH PLAN,4,4,1.0,740.0,185.0
TRICARE - WEST REGION,3,3,1.0,510.0,170.0
WELLMED,3,3,1.0,780.0,260.0
AMERIGROUP/WELLPOINT,3,3,1.0,595.0,198.33
MAGNACARE,3,3,1.0,465.0,155.0
GLOBE LIFE INSURANCE CO OF NEW YORK,3,3,1.0,580.0,193.33
UNIFIED LIFE INSURANCE COMPANY,3,3,1.0,510.0,170.0
UB-BANKERS LIFE AND CASUALTY,3,3,1.0,740.0,246.67
IDEALIFE MEDICARE SUPP - PAPER,2,2,1.0,525.0,262.5
MICHIGAN BLUE SHIELD,2,2,1.0,370.0,185.0
FLORIDA BLUE SHIELD,2,2,1.0,410.0,205.0
APPALACHIAN AGENCY FOR SENIOR CITIZENS - PAPER,2,2,1.0,370.0,185.0
KAISER PERMANENTE OF S CA REGION,1,1,1.0,270.0,270.0
INDIANA MEDICAID,1,1,1.0,185.0,185.0
PEKIN INSURANCE,1,1,1.0,140.0,140.0
Loyal Christian Benefit Association,1,1,1.0,185.0,185.0
GREEK CATHOLIC UNION,1,1,1.0,260.0,260.0
TENNESSEE BLUE SHIELD,1,1,1.0,355.0,355.0
AMERICAN POSTAL WORKERS UNION,1,1,1.0,185.0,185.0
EAST CAROLINA BEHAVIORAL HEALTH,1,1,1.0,140.0,140.0
BANKERS LIFE AND CASUALTY,1,1,1.0,185.0,185.0
ARKANSAS MEDICAID,1,1,1.0,185.0,185.0
SOUTH CAROLINA BLUE SHIELD,1,1,1.0,185.0,185.0
AMERIHEALTH CARITAS NORTH CAROLINA,1,1,1.0,185.0,185.0
MCS ADVANTAGE INC - PAPER,1,1,1.0,355.0,355.0
AMERIGROUP CORPORATION,1,1,1.0,140.0,140.0
VIRGINIA PREMIER HEALTH PLANS,1,1,1.0,140.0,140.0
IOWA BLUE SHIELD,1,1,1.0,255.0,255.0
TRILLIUM HEALTH RESOURCES,1,1,1.0,185.0,185.0
